ibge7;Municipio;imrs_2020;imrs_educ_2020;imrs_vuln_2020;imrs_saude_2020;imrs_seg_2020;imrs_saneam_2020
3100104;Abadia dos Dourados;0,570;0,556;0,504;0,708;0,634;0,412
3100203;Abaeté;0,581;0,611;0,541;0,686;0,661;0,371
3100302;Abre Campo;0,606;0,611;0,536;0,733;0,670;0,443
3100401;Acaiaca;0,626;0,660;0,437;0,809;0,529;0,635
3100500;Açucena;0,598;0,549;0,443;0,786;0,631;0,545
3100609;Água Boa;0,574;0,588;0,346;0,590;0,538;0,800
3100708;Água Comprida;0,736;0,632;0,429;0,826;0,822;0,977
3100807;Aguanil;0,683;0,644;0,606;0,805;0,642;0,697
3100906;Águas Formosas;0,470;0,630;0,483;0,517;0,421;0,239
3101003;Águas Vermelhas;0,544;0,648;0,404;0,676;0,599;0,329
3101102;Aimorés;0,675;0,625;0,574;0,782;0,631;0,749
3101201;Aiuruoca;0,659;0,564;0,539;0,720;0,764;0,718
3101300;Alagoa;0,674;0,642;0,380;0,801;0,858;0,664
3101409;Albertina;0,690;0,699;0,594;0,698;0,757;0,698
3101508;Além Paraíba;0,610;0,572;0,635;0,664;0,585;0,590
3101607;Alfenas;0,705;0,666;0,716;0,770;0,639;0,724
3101631;Alfredo Vasconcelos;0,701;0,677;0,560;0,840;0,687;0,711
3101706;Almenara;0,598;0,596;0,487;0,638;0,699;0,562
3101805;Alpercata;0,499;0,563;0,503;0,713;0,290;0,351
3101904;Alpinópolis;0,668;0,613;0,595;0,821;0,652;0,634
3102001;Alterosa;0,678;0,660;0,502;0,820;0,668;0,706
3102050;Alto Caparaó;0,595;0,639;0,511;0,588;0,736;0,490
3153509;Alto Jequitibá;0,567;0,628;0,420;0,661;0,645;0,437
3102100;Alto Rio Doce;0,611;0,628;0,345;0,669;0,706;0,684
3102209;Alvarenga;0,544;0,637;0,320;0,546;0,614;0,577
3102308;Alvinópolis;0,618;0,574;0,528;0,776;0,668;0,511
3102407;Alvorada de Minas;0,587;0,567;0,284;0,727;0,738;0,583
3102506;Amparo da Serra;0,612;0,578;0,360;0,724;0,772;0,605
3102605;Andradas;0,716;0,631;0,679;0,853;0,590;0,810
3102803;Andrelândia;0,631;0,621;0,448;0,743;0,646;0,671
3102852;Angelândia;0,523;0,645;0,361;0,641;0,513;0,388
3102902;Antônio Carlos;0,643;0,560;0,501;0,710;0,668;0,781
3103009;Antônio Dias;0,566;0,626;0,460;0,586;0,489;0,649
3103108;Antônio Prado de Minas;0,704;0,691;0,409;0,783;0,919;0,701
3103207;Araçaí;0,658;0,664;0,550;0,690;0,759;0,615
3103306;Aracitaba;0,652;0,535;0,413;0,696;0,885;0,752
3103405;Araçuaí;0,567;0,634;0,473;0,690;0,492;0,494
3103504;Araguari;0,722;0,697;0,715;0,799;0,595;0,791
3103603;Arantina;0,642;0,668;0,427;0,694;0,703;0,699
3103702;Araponga;0,631;0,530;0,429;0,777;0,489;0,915
3103751;Araporã;0,716;0,635;0,729;0,789;0,733;0,697
3103801;Arapuá;0,708;0,695;0,578;0,847;0,849;0,536
3103900;Araújos;0,641;0,705;0,588;0,786;0,530;0,537
3104007;Araxá;0,697;0,677;0,710;0,691;0,646;0,769
3104106;Arceburgo;0,642;0,579;0,594;0,721;0,670;0,644
3104205;Arcos;0,737;0,682;0,640;0,717;0,681;0,986
3104304;Areado;0,637;0,686;0,606;0,783;0,659;0,395
3104403;Argirita;0,605;0,615;0,352;0,717;0,772;0,537
3104452;Aricanduva;0,603;0,679;0,303;0,770;0,751;0,442
3104502;Arinos;0,585;0,631;0,315;0,724;0,592;0,609
3104601;Astolfo Dutra;0,635;0,599;0,640;0,650;0,530;0,763
3104700;Ataléia;0,521;0,562;0,380;0,679;0,609;0,321
3104809;Augusto de Lima;0,564;0,688;0,355;0,828;0,582;0,261
3104908;Baependi;0,620;0,571;0,584;0,801;0,665;0,441
3105004;Baldim;0,574;0,664;0,391;0,660;0,496;0,612
3105103;Bambuí;0,645;0,608;0,643;0,722;0,627;0,612
3105202;Bandeira;0,570;0,547;0,389;0,818;0,575;0,460
3105301;Bandeira do Sul;0,594;0,654;0,546;0,605;0,701;0,446
3105400;Barão de Cocais;0,641;0,625;0,619;0,734;0,655;0,553
3105509;Barão do Monte Alto;0,621;0,583;0,462;0,784;0,757;0,486
3105608;Barbacena;0,718;0,646;0,673;0,783;0,774;0,714
3105707;Barra Longa;0,608;0,541;0,352;0,738;0,716;0,678
3105905;Barroso;0,640;0,648;0,605;0,638;0,649;0,656
3106002;Bela Vista de Minas;0,614;0,611;0,555;0,736;0,608;0,526
3106101;Belmiro Braga;0,660;0,547;0,491;0,787;0,809;0,662
3106200;Belo Horizonte;0,741;0,627;0,810;0,827;0,498;0,953
3106309;Belo Oriente;0,685;0,632;0,569;0,821;0,609;0,772
3106408;Belo Vale;0,640;0,552;0,361;0,789;0,582;0,897
3106507;Berilo;0,563;0,624;0,356;0,628;0,647;0,527
3106655;Berizal;0,608;0,670;0,337;0,839;0,731;0,383
3106606;Bertópolis;0,511;0,557;0,268;0,547;0,694;0,466
3106705;Betim;0,619;0,651;0,657;0,729;0,333;0,683
3106804;Bias Fortes;0,645;0,567;0,321;0,826;0,758;0,722
3106903;Bicas;0,629;0,612;0,615;0,578;0,636;0,725
3107000;Biquinhas;0,574;0,569;0,399;0,769;0,823;0,259
3107109;Boa Esperança;0,695;0,676;0,584;0,756;0,596;0,853
3107208;Bocaina de Minas;0,600;0,514;0,543;0,616;0,765;0,584
3107307;Bocaiúva;0,658;0,678;0,491;0,669;0,656;0,785
3107406;Bom Despacho;0,695;0,682;0,692;0,753;0,689;0,645
3107505;Bom Jardim de Minas;0,651;0,682;0,456;0,732;0,688;0,667
3107604;Bom Jesus da Penha;0,721;0,730;0,621;0,894;0,701;0,609
3107703;Bom Jesus do Amparo;0,678;0,652;0,442;0,791;0,642;0,838
3107802;Bom Jesus do Galho;0,607;0,643;0,405;0,607;0,584;0,786
3107901;Bom Repouso;0,631;0,649;0,464;0,805;0,662;0,522
3108008;Bom Sucesso;0,595;0,618;0,550;0,367;0,601;0,897
3108107;Bonfim;0,573;0,571;0,374;0,699;0,610;0,576
3108206;Bonfinópolis de Minas;0,636;0,698;0,410;0,658;0,747;0,643
3108255;Bonito de Minas;0,492;0,575;0,311;0,628;0,654;0,232
3108305;Borda da Mata;0,666;0,601;0,603;0,793;0,649;0,668
3108404;Botelhos;0,561;0,597;0,504;0,639;0,675;0,358
3108503;Botumirim;0,601;0,654;0,280;0,617;0,713;0,723
3108552;Brasilândia de Minas;0,505;0,640;0,329;0,665;0,512;0,299
3108602;Brasília de Minas;0,588;0,700;0,389;0,719;0,663;0,404
3108701;Brás Pires;0,652;0,639;0,365;0,762;0,603;0,866
3108800;Braúnas;0,582;0,595;0,337;0,794;0,788;0,333
3108909;Brazópolis;0,714;0,633;0,569;0,801;0,691;0,876
3109006;Brumadinho;0,599;0,575;0,564;0,648;0,527;0,673
3109105;Bueno Brandão;0,684;0,655;0,621;0,801;0,659;0,657
3109204;Buenópolis;0,602;0,615;0,442;0,774;0,687;0,438
3109253;Bugre;0,650;0,637;0,320;0,851;0,783;0,604
3109303;Buritis;0,560;0,632;0,482;0,762;0,567;0,281
3109402;Buritizeiro;0,530;0,597;0,361;0,793;0,558;0,250
3109451;Cabeceira Grande;0,561;0,649;0,465;0,715;0,594;0,312
3109501;Cabo Verde;0,585;0,573;0,552;0,691;0,629;0,456
3109600;Cachoeira da Prata;0,672;0,634;0,550;0,755;0,790;0,620
3109709;Cachoeira de Minas;0,692;0,689;0,559;0,830;0,649;0,697
3102704;Cachoeira de Pajeú;0,456;0,594;0,332;0,664;0,407;0,189
3109808;Cachoeira Dourada;0,650;0,607;0,620;0,733;0,771;0,510
3109907;Caetanópolis;0,600;0,640;0,577;0,706;0,567;0,468
3110004;Caeté;0,654;0,597;0,570;0,785;0,523;0,777
3110103;Caiana;0,583;0,516;0,464;0,714;0,748;0,454
3110202;Cajuri;0,607;0,632;0,423;0,828;0,316;0,766
3110301;Caldas;0,599;0,542;0,526;0,721;0,661;0,526
3110400;Camacho;0,628;0,661;0,414;0,742;0,832;0,450
3110509;Camanducaia;0,676;0,645;0,608;0,678;0,694;0,765
3110608;Cambuí;0,684;0,655;0,639;0,718;0,638;0,768
3110707;Cambuquira;0,615;0,589;0,490;0,730;0,656;0,587
3110806;Campanário;0,511;0,602;0,324;0,724;0,607;0,215
3110905;Campanha;0,639;0,623;0,641;0,661;0,647;0,621
3111002;Campestre;0,649;0,595;0,598;0,806;0,621;0,599
3111101;Campina Verde;0,599;0,586;0,591;0,701;0,634;0,460
3111150;Campo Azul;0,533;0,609;0,183;0,746;0,800;0,245
3111200;Campo Belo;0,720;0,629;0,688;0,784;0,606;0,900
3111309;Campo do Meio;0,644;0,607;0,475;0,793;0,614;0,698
3111408;Campo Florido;0,619;0,600;0,571;0,784;0,442;0,660
3111507;Campos Altos;0,618;0,604;0,548;0,675;0,521;0,729
3111606;Campos Gerais;0,658;0,629;0,583;0,782;0,591;0,678
3111705;Canaã;0,669;0,656;0,411;0,834;0,677;0,722
3111804;Canápolis;0,619;0,589;0,651;0,765;0,627;0,433
3111903;Cana Verde;0,644;0,582;0,487;0,686;0,727;0,746
3112000;Candeias;0,687;0,603;0,643;0,795;0,592;0,793
3112059;Cantagalo;0,566;0,560;0,399;0,688;0,761;0,391
3112109;Caparaó;0,579;0,625;0,444;0,733;0,670;0,368
3112208;Capela Nova;0,619;0,560;0,353;0,665;0,733;0,788
3112307;Capelinha;0,657;0,694;0,511;0,732;0,605;0,711
3112406;Capetinga;0,587;0,635;0,509;0,799;0,630;0,292
3112505;Capim Branco;0,582;0,632;0,501;0,635;0,572;0,539
3112604;Capinópolis;0,660;0,624;0,638;0,800;0,640;0,569
3112653;Capitão Andrade;0,653;0,592;0,414;0,778;0,703;0,758
3112703;Capitão Enéas;0,538;0,658;0,421;0,455;0,629;0,514
3112802;Capitólio;0,646;0,622;0,597;0,778;0,714;0,489
3112901;Caputira;0,545;0,626;0,352;0,787;0,602;0,270
3113008;Caraí;0,467;0,595;0,410;0,541;0,561;0,172
3113107;Caranaíba;0,562;0,571;0,398;0,513;0,833;0,507
3113206;Carandaí;0,696;0,617;0,550;0,774;0,692;0,845
3113305;Carangola;0,609;0,589;0,558;0,714;0,607;0,551
3113404;Caratinga;0,667;0,680;0,644;0,721;0,567;0,703
3113503;Carbonita;0,665;0,618;0,547;0,818;0,675;0,640
3113602;Careaçu;0,636;0,545;0,447;0,819;0,666;0,676
3113701;Carlos Chagas;0,529;0,559;0,495;0,631;0,517;0,404
3113800;Carmésia;0,626;0,459;0,516;0,732;0,789;0,652
3113909;Carmo da Cachoeira;0,651;0,603;0,457;0,781;0,642;0,750
3114006;Carmo da Mata;0,637;0,598;0,631;0,761;0,645;0,528
3114105;Carmo de Minas;0,638;0,579;0,544;0,815;0,684;0,533
3114204;Carmo do Cajuru;0,668;0,671;0,702;0,772;0,583;0,582
3114303;Carmo do Paranaíba;0,688;0,673;0,600;0,793;0,626;0,722
3114402;Carmo do Rio Claro;0,667;0,626;0,625;0,699;0,645;0,743
3114501;Carmópolis de Minas;0,676;0,629;0,571;0,749;0,652;0,774
3114550;Carneirinho;0,635;0,595;0,638;0,729;0,767;0,433
3114600;Carrancas;0,665;0,607;0,577;0,714;0,730;0,699
3114709;Carvalhópolis;0,700;0,584;0,498;0,829;0,790;0,794
3114808;Carvalhos;0,602;0,542;0,411;0,723;0,769;0,546
3114907;Casa Grande;0,674;0,623;0,511;0,727;0,873;0,637
3115003;Cascalho Rico;0,675;0,665;0,563;0,773;0,815;0,534
3115102;Cássia;0,645;0,611;0,594;0,821;0,659;0,498
3115300;Cataguases;0,661;0,571;0,687;0,703;0,633;0,726
3115359;Catas Altas;0,642;0,659;0,608;0,764;0,706;0,436
3115409;Catas Altas da Noruega;0,630;0,549;0,495;0,685;0,731;0,699
3115458;Catuji;0,429;0,555;0,261;0,516;0,387;0,367
3115474;Catuti;0,544;0,662;0,324;0,749;0,693;0,204
3115508;Caxambu;0,621;0,612;0,605;0,751;0,664;0,442
3115607;Cedro do Abaeté;0,629;0,666;0,488;0,730;0,941;0,284
3115706;Central de Minas;0,547;0,617;0,416;0,526;0,626;0,536
3115805;Centralina;0,539;0,584;0,502;0,697;0,629;0,229
3115904;Chácara;0,667;0,597;0,440;0,753;0,761;0,777
3116001;Chalé;0,568;0,656;0,218;0,795;0,574;0,510
3116100;Chapada do Norte;0,507;0,523;0,400;0,801;0,688;0,036
3116159;Chapada Gaúcha;0,572;0,668;0,346;0,784;0,619;0,356
3116209;Chiador;0,592;0,544;0,485;0,607;0,641;0,692
3116308;Cipotânea;0,657;0,614;0,402;0,708;0,658;0,900
3116407;Claraval;0,672;0,671;0,547;0,900;0,753;0,428
3116506;Claro dos Poções;0,622;0,640;0,311;0,855;0,651;0,583
3116605;Cláudio;0,748;0,721;0,649;0,799;0,592;0,973
3116704;Coimbra;0,571;0,640;0,462;0,613;0,451;0,657
3116803;Coluna;0,545;0,614;0,380;0,748;0,560;0,347
3116902;Comendador Gomes;0,675;0,651;0,572;0,639;0,669;0,862
3117009;Comercinho;0,544;0,590;0,293;0,691;0,689;0,402
3117108;Conceição da Aparecida;0,639;0,662;0,508;0,732;0,654;0,609
3115201;Conceição da Barra de Minas;0,656;0,626;0,446;0,730;0,754;0,711
3117306;Conceição das Alagoas;0,714;0,640;0,695;0,795;0,566;0,870
3117207;Conceição das Pedras;0,643;0,642;0,376;0,859;0,850;0,426
3117405;Conceição de Ipanema;0,628;0,611;0,496;0,823;0,613;0,546
3117504;Conceição do Mato Dentro;0,496;0,612;0,433;0,426;0,465;0,533
3117603;Conceição do Pará;0,579;0,616;0,503;0,716;0,550;0,461
3117702;Conceição do Rio Verde;0,665;0,636;0,597;0,744;0,681;0,653
3117801;Conceição dos Ouros;0,697;0,633;0,620;0,787;0,655;0,785
3117836;Cônego Marinho;0,515;0,648;0,222;0,636;0,630;0,371
3117876;Confins;0,630;0,628;0,631;0,602;0,746;0,551
3117900;Congonhal;0,673;0,592;0,588;0,797;0,656;0,720
3118007;Congonhas;0,693;0,690;0,698;0,758;0,603;0,698
3118106;Congonhas do Norte;0,586;0,574;0,325;0,822;0,703;0,446
3118205;Conquista;0,672;0,577;0,590;0,759;0,627;0,809
3118304;Conselheiro Lafaiete;0,699;0,661;0,712;0,743;0,630;0,746
3118403;Conselheiro Pena;0,600;0,607;0,549;0,623;0,611;0,604
3118502;Consolação;0,630;0,610;0,410;0,635;0,916;0,583
3118601;Contagem;0,624;0,662;0,700;0,651;0,350;0,737
3118700;Coqueiral;0,668;0,572;0,538;0,754;0,672;0,806
3118809;Coração de Jesus;0,528;0,659;0,439;0,655;0,654;0,161
3118908;Cordisburgo;0,629;0,586;0,490;0,719;0,610;0,727
3119005;Cordislândia;0,583;0,529;0,449;0,727;0,792;0,393
3119104;Corinto;0,582;0,642;0,577;0,671;0,573;0,405
3119203;Coroaci;0,583;0,556;0,387;0,826;0,634;0,454
3119302;Coromandel;0,632;0,696;0,630;0,756;0,569;0,456
3119401;Coronel Fabriciano;0,622;0,643;0,665;0,650;0,551;0,585
3119500;Coronel Murta;0,549;0,603;0,406;0,712;0,555;0,408
3119609;Coronel Pacheco;0,675;0,593;0,468;0,814;0,719;0,766
3119708;Coronel Xavier Chaves;0,677;0,670;0,459;0,682;0,808;0,766
3119807;Córrego Danta;0,603;0,568;0,577;0,498;0,742;0,671
3119906;Córrego do Bom Jesus;0,683;0,772;0,508;0,789;0,793;0,501
3119955;Córrego Fundo;0,637;0,576;0,615;0,768;0,685;0,524
3120003;Córrego Novo;0,646;0,713;0,485;0,451;0,822;0,792
3120102;Couto de Magalhães de Minas;0,603;0,658;0,393;0,767;0,737;0,401
3120151;Crisólita;0,467;0,538;0,456;0,501;0,569;0,243
3120201;Cristais;0,709;0,665;0,688;0,797;0,596;0,789
3120300;Cristália;0,518;0,657;0,341;0,639;0,630;0,250
3120409;Cristiano Otoni;0,582;0,570;0,549;0,572;0,692;0,531
3120508;Cristina;0,657;0,635;0,502;0,736;0,695;0,700
3120607;Crucilândia;0,588;0,625;0,383;0,630;0,742;0,540
3120706;Cruzeiro da Fortaleza;0,669;0,712;0,484;0,752;0,732;0,632
3120805;Cruzília;0,671;0,618;0,625;0,758;0,676;0,667
3120839;Cuparaque;0,583;0,597;0,550;0,654;0,693;0,400
3120870;Curral de Dentro;0,585;0,662;0,315;0,820;0,662;0,378
3120904;Curvelo;0,657;0,609;0,559;0,744;0,657;0,705
3121001;Datas;0,620;0,672;0,359;0,822;0,727;0,450
3121100;Delfim Moreira;0,643;0,672;0,382;0,759;0,647;0,715
3121209;Delfinópolis;0,601;0,593;0,560;0,847;0,628;0,309
3121258;Delta;0,632;0,561;0,514;0,847;0,524;0,673
3121308;Descoberto;0,635;0,655;0,481;0,659;0,675;0,692
3121407;Desterro de Entre Rios;0,632;0,701;0,475;0,727;0,666;0,543
3121506;Desterro do Melo;0,707;0,676;0,404;0,776;0,774;0,894
3121605;Diamantina;0,640;0,648;0,559;0,727;0,751;0,490
3121704;Diogo de Vasconcelos;0,651;0,609;0,350;0,788;0,752;0,730
3121803;Dionísio;0,609;0,561;0,525;0,706;0,640;0,600
3121902;Divinésia;0,655;0,656;0,528;0,771;0,625;0,663
3122009;Divino;0,557;0,570;0,457;0,699;0,536;0,482
3122108;Divino das Laranjeiras;0,545;0,579;0,390;0,548;0,669;0,528
3122207;Divinolândia de Minas;0,532;0,643;0,433;0,572;0,646;0,322
3122306;Divinópolis;0,665;0,638;0,714;0,797;0,584;0,561
3122355;Divisa Alegre;0,519;0,659;0,382;0,711;0,469;0,282
3122405;Divisa Nova;0,681;0,694;0,531;0,820;0,707;0,612
3122454;Divisópolis;0,515;0,571;0,320;0,565;0,671;0,421
3122470;Dom Bosco;0,600;0,666;0,302;0,813;0,788;0,351
3122504;Dom Cavati;0,627;0,645;0,575;0,525;0,707;0,705
3122603;Dom Joaquim;0,590;0,630;0,433;0,746;0,693;0,391
3122702;Dom Silvério;0,652;0,654;0,539;0,771;0,721;0,539
3122801;Dom Viçoso;0,661;0,711;0,480;0,778;0,841;0,448
3122900;Dona Euzébia;0,658;0,619;0,589;0,747;0,668;0,653
3123007;Dores de Campos;0,649;0,547;0,575;0,727;0,589;0,811
3123106;Dores de Guanhães;0,565;0,644;0,316;0,716;0,682;0,405
3123205;Dores do Indaiá;0,643;0,584;0,599;0,746;0,635;0,640
3123304;Dores do Turvo;0,651;0,717;0,333;0,766;0,683;0,704
3123403;Doresópolis;0,596;0,555;0,472;0,727;0,817;0,386
3123502;Douradoquara;0,672;0,665;0,570;0,789;0,774;0,533
3123528;Durandé;0,560;0,650;0,390;0,739;0,570;0,379
3123601;Elói Mendes;0,705;0,609;0,625;0,816;0,629;0,841
3123700;Engenheiro Caldas;0,604;0,601;0,576;0,766;0,521;0,512
3123809;Engenheiro Navarro;0,612;0,672;0,323;0,806;0,657;0,534
3123858;Entre Folhas;0,655;0,681;0,428;0,772;0,729;0,624
3123908;Entre Rios de Minas;0,643;0,644;0,447;0,738;0,624;0,734
3124005;Ervália;0,592;0,656;0,501;0,695;0,335;0,726
3124104;Esmeraldas;0,519;0,646;0,491;0,599;0,481;0,321
3124203;Espera Feliz;0,634;0,609;0,579;0,738;0,645;0,575
3124302;Espinosa;0,576;0,653;0,451;0,730;0,662;0,321
3124401;Espírito Santo do Dourado;0,644;0,613;0,396;0,746;0,677;0,766
3124500;Estiva;0,606;0,600;0,486;0,821;0,572;0,492
3124609;Estrela D' Alva;0,655;0,649;0,487;0,603;0,849;0,703
3124708;Estrela do Indaiá;0,554;0,491;0,429;0,715;0,813;0,296
3124807;Estrela do Sul;0,608;0,548;0,623;0,724;0,745;0,386
3124906;Eugenópolis;0,592;0,564;0,535;0,605;0,635;0,626
3125002;Ewbank da Câmara;0,616;0,635;0,390;0,652;0,744;0,646
3125101;Extrema;0,707;0,684;0,739;0,797;0,700;0,599
3125200;Fama;0,678;0,649;0,597;0,695;0,828;0,624
3125309;Faria Lemos;0,600;0,520;0,412;0,671;0,695;0,707
3125408;Felício dos Santos;0,598;0,697;0,298;0,792;0,767;0,356
3125606;Felisburgo;0,553;0,589;0,366;0,721;0,598;0,434
3125705;Felixlândia;0,567;0,559;0,545;0,749;0,576;0,355
3125804;Fernandes Tourinho;0,632;0,538;0,518;0,797;0,814;0,476
3125903;Ferros;0,515;0,568;0,378;0,646;0,737;0,196
3125952;Fervedouro;0,599;0,688;0,479;0,707;0,476;0,588
3126000;Florestal;0,626;0,697;0,553;0,719;0,569;0,549
3126109;Formiga;0,664;0,657;0,616;0,746;0,649;0,632
3126208;Formoso;0,583;0,645;0,238;0,860;0,660;0,419
3126307;Fortaleza de Minas;0,657;0,515;0,563;0,780;0,692;0,738
3126406;Fortuna de Minas;0,704;0,646;0,527;0,735;0,835;0,787
3126505;Francisco Badaró;0,541;0,502;0,382;0,781;0,678;0,308
3126604;Francisco Dumont;0,606;0,623;0,424;0,765;0,716;0,453
3126752;Franciscópolis;0,626;0,552;0,358;0,834;0,703;0,646
3126703;Francisco Sá;0,588;0,619;0,430;0,616;0,726;0,535
3126802;Frei Gaspar;0,582;0,598;0,326;0,808;0,705;0,405
3126901;Frei Inocêncio;0,531;0,562;0,415;0,758;0,466;0,383
3126950;Frei Lagonegro;0,616;0,641;0,331;0,711;0,781;0,584
3127008;Fronteira;0,568;0,609;0,621;0,548;0,608;0,449
3127057;Fronteira dos Vales;0,525;0,623;0,315;0,559;0,644;0,450
3127073;Fruta de Leite;0,564;0,651;0,283;0,718;0,639;0,461
3127107;Frutal;0,685;0,642;0,731;0,645;0,577;0,855
3127206;Funilândia;0,629;0,620;0,387;0,827;0,719;0,542
3127305;Galiléia;0,483;0,553;0,436;0,785;0,535;
3127339;Gameleiras;0,593;0,663;0,412;0,789;0,756;0,272
3127354;Glaucilândia;0,696;0,678;0,359;0,810;0,833;0,771
3127370;Goiabeira;0,635;0,641;0,547;0,629;0,715;0,643
3127388;Goianá;0,721;0,646;0,515;0,863;0,772;0,791
3127404;Gonçalves;0,668;0,635;0,533;0,808;0,782;0,554
3127503;Gonzaga;0,564;0,638;0,319;0,650;0,700;0,466
3127602;Gouveia;0,625;0,629;0,537;0,804;0,637;0,465
3127701;Governador Valadares;0,715;0,659;0,675;0,784;0,604;0,848
3127800;Grão Mogol;0,576;0,602;0,416;0,688;0,625;0,510
3127909;Grupiara;0,638;0,670;0,506;0,777;0,953;0,239
3128006;Guanhães;0,655;0,629;0,629;0,718;0,676;0,613
3128105;Guapé;0,658;0,553;0,575;0,820;0,628;0,700
3128204;Guaraciaba;0,633;0,564;0,428;0,736;0,650;0,776
3128253;Guaraciama;0,605;0,612;0,364;0,797;0,730;0,468
3128303;Guaranésia;0,625;0,603;0,636;0,731;0,632;0,500
3128402;Guarani;0,663;0,604;0,566;0,757;0,563;0,818
3128501;Guarará;0,615;0,664;0,392;0,615;0,741;0,648
3128600;Guarda-Mor;0,621;0,619;0,496;0,695;0,666;0,608
3128709;Guaxupé;0,644;0,637;0,667;0,714;0,648;0,537
3128808;Guidoval;0,627;0,647;0,406;0,776;0,580;0,678
3128907;Guimarânia;0,625;0,636;0,503;0,710;0,586;0,661
3129004;Guiricema;0,624;0,607;0,467;0,715;0,645;0,667
3129103;Gurinhatã;0,609;0,568;0,435;0,744;0,631;0,642
3129202;Heliodora;0,681;0,607;0,584;0,807;0,700;0,694
3129301;Iapu;0,662;0,633;0,462;0,860;0,656;0,654
3129400;Ibertioga;0,653;0,630;0,441;0,697;0,717;0,774
3129509;Ibiá;0,634;0,543;0,702;0,657;0,586;0,703
3129608;Ibiaí;0,545;0,591;0,398;0,757;0,621;0,287
3129657;Ibiracatu;0,533;0,693;0,274;0,598;0,702;0,333
3129707;Ibiraci;0,631;0,636;0,550;0,807;0,605;0,509
3129806;Ibirité;0,641;0,632;0,619;0,637;0,546;0,775
3129905;Ibitiúra de Minas;0,665;0,629;0,429;0,772;0,781;0,692
3130002;Ibituruna;0,643;0,644;0,529;0,470;0,834;0,788
3130051;Icaraí de Minas;0,551;0,578;0,375;0,744;0,671;0,326
3130101;Igarapé;0,620;0,642;0,559;0,733;0,444;0,686
3130200;Igaratinga;0,621;0,666;0,693;0,755;0,618;0,324
3130309;Iguatama;0,601;0,515;0,540;0,688;0,637;0,627
3130408;Ijaci;0,709;0,601;0,484;0,847;0,616;0,989
3130507;Ilicínea;0,658;0,651;0,555;0,753;0,621;0,683
3130556;Imbé de Minas;0,562;0,623;0,332;0,762;0,593;0,429
3130606;Inconfidentes;0,634;0,654;0,443;0,792;0,674;0,560
3130655;Indaiabira;0,622;0,675;0,407;0,806;0,653;0,503
3130705;Indianópolis;0,692;0,572;0,596;0,869;0,607;0,801
3130804;Ingaí;0,678;0,586;0,518;0,765;0,836;0,687
3130903;Inhapim;0,551;0,614;0,487;0,669;0,624;0,313
3131000;Inhaúma;0,569;0,618;0,461;0,759;0,637;0,305
3131109;Inimutaba;0,588;0,522;0,411;0,812;0,605;0,544
3131158;Ipaba;0,658;0,634;0,521;0,810;0,554;0,737
3131208;Ipanema;0,630;0,630;0,597;0,659;0,612;0,642
3131307;Ipatinga;0,756;0,692;0,702;0,865;0,696;0,815
3131406;Ipiaçu;0,621;0,500;0,605;0,798;0,737;0,450
3131505;Ipuiúna;0,600;0,579;0,484;0,715;0,617;0,578
3131604;Iraí de Minas;0,640;0,618;0,527;0,730;0,686;0,622
3131703;Itabira;0,706;0,627;0,697;0,762;0,580;0,870
3131802;Itabirinha;0,563;0,623;0,475;0,613;0,655;0,417
3131901;Itabirito;0,689;0,679;0,726;0,698;0,548;0,797
3132008;Itacambira;0,599;0,620;0,388;0,719;0,731;0,500
3132107;Itacarambi;0,508;0,612;0,494;0,557;0,572;0,260
3132206;Itaguara;0,700;0,672;0,589;0,739;0,518;0,981
3132305;Itaipé;0,517;0,544;0,332;0,537;0,555;0,606
3132404;Itajubá;0,746;0,658;0,718;0,822;0,648;0,887
3132503;Itamarandiba;0,644;0,682;0,503;0,799;0,604;0,577
3132602;Itamarati de Minas;0,718;0,611;0,592;0,764;0,771;0,870
3132701;Itambacuri;0,582;0,592;0,406;0,695;0,584;0,597
3132800;Itambé do Mato Dentro;0,621;0,630;0,363;0,743;0,783;0,551
3132909;Itamogi;0,671;0,662;0,600;0,807;0,685;0,567
3133006;Itamonte;0,664;0,632;0,623;0,755;0,652;0,640
3133105;Itanhandu;0,691;0,670;0,635;0,806;0,620;0,698
3133204;Itanhomi;0,578;0,601;0,407;0,723;0,523;0,592
3133303;Itaobim;0,549;0,615;0,388;0,694;0,666;0,323
3133402;Itapagipe;0,643;0,584;0,621;0,635;0,652;0,742
3133501;Itapecerica;0,627;0,632;0,667;0,693;0,608;0,513
3133600;Itapeva;0,694;0,679;0,568;0,865;0,614;0,703
3133709;Itatiaiuçu;0,626;0,665;0,546;0,721;0,483;0,679
3133758;Itaú de Minas;0,661;0,598;0,661;0,776;0,613;0,643
3133808;Itaúna;0,676;0,660;0,651;0,711;0,532;0,823
3133907;Itaverava;0,604;0,599;0,372;0,705;0,749;0,568
3134004;Itinga;0,535;0,577;0,386;0,681;0,519;0,458
3134103;Itueta;0,621;0,634;0,535;0,676;0,518;0,721
3134202;Ituiutaba;0,702;0,654;0,670;0,763;0,618;0,800
3134301;Itumirim;0,663;0,641;0,457;0,771;0,730;0,693
3134400;Iturama;0,681;0,663;0,627;0,722;0,627;0,760
3134509;Itutinga;0,696;0,591;0,470;0,773;0,691;0,964
3134608;Jaboticatubas;0,627;0,580;0,446;0,775;0,523;0,785
3134707;Jacinto;0,513;0,559;0,456;0,719;0,598;0,163
3134806;Jacuí;0,644;0,622;0,578;0,820;0,565;0,591
3134905;Jacutinga;0,661;0,632;0,660;0,754;0,656;0,587
3135001;Jaguaraçu;0,662;0,559;0,528;0,731;0,702;0,798
3135050;Jaíba;0,539;0,667;0,379;0,690;0,508;0,374
3135076;Jampruca;0,550;0,525;0,347;0,692;0,705;0,450
3135100;Janaúba;0,617;0,702;0,552;0,739;0,603;0,430
3135209;Januária;0,508;0,624;0,384;0,493;0,646;0,366
3135308;Japaraíba;0,680;0,714;0,602;0,749;0,751;0,554
3135357;Japonvar;0,555;0,672;0,329;0,713;0,647;0,337
3135407;Jeceaba;0,681;0,654;0,547;0,705;0,605;0,896
3135456;Jenipapo de Minas;0,588;0,635;0,369;0,738;0,628;0,516
3135506;Jequeri;0,580;0,582;0,462;0,759;0,586;0,461
3135605;Jequitaí;0,499;0,628;0,326;0,461;0,604;0,450
3135704;Jequitibá;0,630;0,620;0,358;0,780;0,665;0,689
3135803;Jequitinhonha;0,567;0,576;0,531;0,654;0,550;0,500
3135902;Jesuânia;0,607;0,620;0,374;0,720;0,755;0,530
3136009;Joaíma;0,520;0,608;0,312;0,719;0,548;0,334
3136108;Joanésia;0,615;0,532;0,385;0,816;0,734;0,575
3136207;João Monlevade;0,678;0,661;0,688;0,734;0,602;0,694
3136306;João Pinheiro;0,622;0,699;0,556;0,734;0,594;0,476
3136405;Joaquim Felício;0,552;0,538;0,318;0,731;0,688;0,441
3136504;Jordânia;0,551;0,546;0,494;0,670;0,623;0,391
3136520;José Gonçalves de Minas;0,637;0,644;0,392;0,640;0,783;0,723
3136579;Josenópolis;0,515;0,564;0,431;0,441;0,658;0,488
3136553;José Raydan;0,576;0,567;0,384;0,578;0,753;0,602
3136652;Juatuba;0,528;0,688;0,501;0,675;0,199;0,493
3136702;Juiz de Fora;0,718;0,629;0,759;0,713;0,639;0,874
3136801;Juramento;0,668;0,636;0,344;0,798;0,777;0,758
3136900;Juruaia;0,684;0,658;0,601;0,778;0,677;0,687
3136959;Juvenília;0,543;0,593;0,339;0,706;0,715;0,305
3137007;Ladainha;0,545;0,501;0,365;0,792;0,554;0,459
3137106;Lagamar;0,660;0,612;0,516;0,828;0,643;0,670
3137205;Lagoa da Prata;0,707;0,686;0,697;0,752;0,580;0,816
3137304;Lagoa dos Patos;0,601;0,645;0,348;0,663;0,684;0,633
3137403;Lagoa Dourada;0,678;0,661;0,488;0,673;0,677;0,898
3137502;Lagoa Formosa;0,733;0,684;0,643;0,802;0,596;0,932
3137536;Lagoa Grande;0,527;0,668;0,455;0,435;0,533;0,530
3137601;Lagoa Santa;0,628;0,633;0,629;0,653;0,529;0,687
3137700;Lajinha;0,574;0,608;0,431;0,703;0,608;0,477
3137809;Lambari;0,606;0,660;0,523;0,707;0,653;0,446
3137908;Lamim;0,654;0,644;0,436;0,599;0,811;0,800
3138005;Laranjal;0,551;0,463;0,508;0,490;0,648;0,685
3138104;Lassance;0,545;0,630;0,445;0,723;0,563;0,290
3138203;Lavras;0,737;0,633;0,693;0,741;0,802;0,845
3138302;Leandro ferreira;0,583;0,581;0,532;0,657;0,711;0,415
3138351;Leme do Prado;0,628;0,683;0,414;0,737;0,756;0,502
3138401;Leopoldina;0,655;0,594;0,681;0,680;0,652;0,677
3138500;Liberdade;0,585;0,594;0,500;0,499;0,679;0,674
3138609;Lima Duarte;0,682;0,593;0,606;0,769;0,674;0,766
3138625;Limeira do Oeste;0,705;0,614;0,575;0,736;0,675;0,941
3138658;Lontra;0,499;0,644;0,247;0,702;0,645;0,159
3138674;Luisburgo;0,604;0,686;0,306;0,761;0,651;0,547
3138682;Luislândia;0,594;0,690;0,335;0,703;0,687;0,500
3138708;Luminárias;0,700;0,581;0,650;0,802;0,739;0,733
3138807;Luz;0,671;0,631;0,623;0,752;0,601;0,736
3139003;Machado;0,703;0,620;0,636;0,761;0,625;0,882
3139102;Madre de Deus de Minas;0,681;0,598;0,553;0,756;0,747;0,755
3139201;Malacacheta;0,612;0,613;0,518;0,789;0,623;0,466
3139250;Mamonas;0,579;0,614;0,442;0,796;0,725;0,250
3139300;Manga;0,518;0,609;0,376;0,709;0,534;0,285
3139409;Manhuaçu;0,644;0,667;0,718;0,740;0,598;0,463
3139508;Manhumirim;0,602;0,627;0,534;0,682;0,564;0,575
3139607;Mantena;0,642;0,687;0,512;0,728;0,714;0,533
3139706;Maravilhas;0,617;0,571;0,492;0,754;0,642;0,601
3139805;Mar de Espanha;0,661;0,655;0,591;0,614;0,654;0,806
3139904;Maria da Fé;0,650;0,672;0,478;0,726;0,695;0,654
3140001;Mariana;0,660;0,652;0,577;0,787;0,565;0,684
3140100;Marilac;0,606;0,663;0,385;0,739;0,667;0,522
3140159;Mário Campos;0,637;0,589;0,542;0,728;0,569;0,744
3140209;Maripá de Minas;0,680;0,729;0,479;0,601;0,819;0,780
3140308;Marliéria;0,628;0,682;0,502;0,663;0,452;0,814
3140407;Marmelópolis;0,662;0,776;0,242;0,752;0,786;0,700
3140506;Martinho Campos;0,552;0,646;0,494;0,647;0,582;0,341
3140530;Martins Soares;0,473;0,584;0,330;0,755;0,545;0,040
3140555;Mata Verde;0,554;0,614;0,320;0,702;0,544;0,532
3140605;Materlândia;0,577;0,564;0,375;0,672;0,723;0,528
3140704;Mateus Leme;0,501;0,634;0,458;0,608;0,404;0,335
3171501;Mathias Lobato;0,528;0,631;0,418;0,817;0,500;0,166
3140803;Matias Barbosa;0,682;0,597;0,586;0,811;0,704;0,699
3140852;Matias Cardoso;0,547;0,601;0,489;0,738;0,609;0,229
3140902;Matipó;0,616;0,671;0,434;0,703;0,601;0,630
3141009;Mato Verde;0,629;0,688;0,437;0,756;0,641;0,573
3141108;Matozinhos;0,630;0,662;0,684;0,534;0,474;0,815
3141207;Matutina;0,652;0,580;0,572;0,766;0,785;0,548
3138906;Maxacalis;0,563;0,610;0,481;0,600;0,590;0,508
3141306;Medeiros;0,650;0,632;0,474;0,738;0,746;0,639
3141405;Medina;0,548;0,616;0,465;0,708;0,444;0,446
3141504;Mendes Pimentel;0,589;0,590;0,459;0,609;0,637;0,645
3141603;Mercês;0,674;0,614;0,549;0,714;0,623;0,877
3141702;Mesquita;0,648;0,573;0,462;0,857;0,715;0,593
3141801;Minas Novas;0,586;0,588;0,466;0,725;0,626;0,487
3141900;Minduri;0,683;0,612;0,575;0,755;0,739;0,731
3142007;Mirabela;0,545;0,641;0,408;0,686;0,620;0,304
3142106;Miradouro;0,643;0,572;0,516;0,802;0,624;0,676
3142205;Miraí;0,627;0,587;0,648;0,689;0,593;0,614
3142254;Miravânia;0,537;0,618;0,333;0,613;0,727;0,349
3142304;Moeda;0,617;0,633;0,353;0,842;0,667;0,522
3142403;Moema;0,617;0,680;0,546;0,747;0,538;0,522
3142502;Monjolos;0,610;0,588;0,531;0,745;0,876;0,280
3142601;Monsenhor Paulo;0,655;0,687;0,599;0,764;0,671;0,515
3142700;Montalvânia;0,526;0,644;0,377;0,654;0,662;0,223
3142809;Monte Alegre de Minas;0,604;0,571;0,577;0,749;0,520;0,574
3142908;Monte Azul;0,577;0,666;0,549;0,712;0,635;0,259
3143005;Monte Belo;0,611;0,655;0,551;0,689;0,649;0,478
3143104;Monte Carmelo;0,728;0,690;0,691;0,768;0,537;0,951
3143153;Monte Formoso;0,618;0,603;0,431;0,766;0,647;0,606
3143203;Monte Santo de Minas;0,640;0,612;0,610;0,789;0,654;0,504
3143302;Montes Claros;0,737;0,696;0,690;0,786;0,703;0,809
3143401;Monte Sião;0,690;0,633;0,709;0,827;0,661;0,595
3143450;Montezuma;0,675;0,631;0,482;0,891;0,686;0,639
3143500;Morada Nova de Minas;0,611;0,594;0,622;0,710;0,666;0,438
3143609;Morro da Garça;0,668;0,628;0,433;0,880;0,795;0,555
3143708;Morro do Pilar;0,544;0,650;0,371;0,606;0,702;0,343
3143807;Munhoz;0,653;0,677;0,580;0,819;0,662;0,472
3143906;Muriaé;0,726;0,701;0,722;0,760;0,562;0,884
3144003;Mutum;0,592;0,676;0,523;0,705;0,555;0,446
3144102;Muzambinho;0,624;0,674;0,568;0,710;0,683;0,445
3144201;Nacip Raydan;0,608;0,591;0,426;0,777;0,824;0,380
3144300;Nanuque;0,546;0,563;0,555;0,717;0,472;0,370
3144359;Naque;0,648;0,661;0,531;0,893;0,488;0,598
3144375;Natalândia;0,609;0,598;0,340;0,753;0,807;0,511
3144409;Natércia;0,698;0,619;0,546;0,873;0,747;0,676
3144508;Nazareno;0,637;0,600;0,447;0,642;0,691;0,816
3144607;Nepomuceno;0,674;0,606;0,579;0,733;0,676;0,776
3144656;Ninheira;0,591;0,614;0,383;0,781;0,630;0,487
3144672;Nova Belém;0,589;0,555;0,353;0,733;0,720;0,554
3144706;Nova Era;0,662;0,666;0,579;0,737;0,674;0,633
3144805;Nova Lima;0,665;0,622;0,757;0,802;0,615;0,501
3144904;Nova Módica;0,630;0,656;0,389;0,770;0,816;0,472
3145000;Nova Ponte;0,660;0,579;0,597;0,857;0,550;0,683
3145059;Nova Porteirinha;0,519;0,575;0,326;0,759;0,513;0,337
3145109;Nova Resende;0,573;0,663;0,479;0,673;0,633;0,363
3145208;Nova Serrana;0,602;0,699;0,722;0,786;0,331;0,393
3136603;Nova União;0,640;0,646;0,382;0,773;0,661;0,700
3145307;Novo Cruzeiro;0,578;0,609;0,350;0,768;0,619;0,481
3145356;Novo Oriente de Minas;0,572;0,598;0,307;0,765;0,600;0,528
3145372;Novorizonte;0,547;0,627;0,333;0,716;0,741;0,248
3145406;Olaria;0,714;0,671;0,399;0,863;0,909;0,700
3145455;Olhos D' Água;0,552;0,604;0,244;0,801;0,674;0,354
3145505;Olímpio Noronha;0,682;0,611;0,488;0,829;0,827;0,635
3145604;Oliveira;0,684;0,623;0,670;0,806;0,644;0,660
3145703;Oliveira Fortes;0,651;0,605;0,473;0,703;0,772;0,700
3145802;Onça do Pitangui;0,605;0,560;0,433;0,753;0,771;0,481
3145851;Oratórios;0,701;0,600;0,590;0,833;0,704;0,771
3145877;Orizânia;0,536;0,605;0,254;0,722;0,586;0,442
3145901;Ouro Branco;0,704;0,656;0,693;0,680;0,587;0,926
3146008;Ouro Fino;0,678;0,643;0,689;0,754;0,677;0,617
3146107;Ouro Preto;0,664;0,646;0,645;0,761;0,703;0,544
3146206;Ouro Verde de Minas;0,565;0,607;0,270;0,773;0,697;0,409
3146255;Padre Carvalho;0,537;0,627;0,295;0,716;0,505;0,470
3146305;Padre Paraíso;0,534;0,557;0,397;0,685;0,572;0,410
3146404;Paineiras;0,591;0,586;0,494;0,779;0,769;0,274
3146503;Pains;0,681;0,627;0,704;0,756;0,658;0,652
3146552;Pai Pedro;0,594;0,693;0,464;0,794;0,606;0,328
3146602;Paiva;0,665;0,605;0,437;0,671;0,925;0,700
3146701;Palma;0,549;0,443;0,453;0,540;0,695;0,648
3146750;Palmópolis;0,564;0,592;0,257;0,782;0,676;0,444
3146909;Papagaios;0,643;0,607;0,535;0,810;0,501;0,726
3147006;Paracatu;0,682;0,669;0,633;0,795;0,490;0,795
3147105;Pará de Minas;0,724;0,683;0,759;0,751;0,570;0,863
3147204;Paraguaçu;0,693;0,623;0,602;0,797;0,622;0,809
3147303;Paraisópolis;0,662;0,637;0,543;0,776;0,675;0,654
3147402;Paraopeba;0,597;0,633;0,579;0,745;0,502;0,475
3147501;Passabém;0,628;0,592;0,396;0,763;0,916;0,448
3147600;Passa Quatro;0,671;0,624;0,664;0,731;0,629;0,702
3147709;Passa Tempo;0,623;0,588;0,548;0,708;0,630;0,627
3147808;Passa Vinte;0,629;0,621;0,452;0,672;0,806;0,587
3147907;Passos;0,673;0,652;0,675;0,757;0,613;0,652
3147956;Patis;0,544;0,633;0,311;0,748;0,703;0,246
3148004;Patos de Minas;0,700;0,691;0,719;0,773;0,706;0,594
3148103;Patrocínio;0,690;0,677;0,702;0,848;0,570;0,614
3148202;Patrocínio do Muriaé;0,621;0,555;0,495;0,701;0,644;0,706
3148301;Paula Cândido;0,629;0,638;0,405;0,809;0,619;0,621
3148400;Paulistas;0,587;0,622;0,425;0,649;0,654;0,560
3148509;Pavão;0,525;0,598;0,382;0,544;0,549;0,525
3148608;Peçanha;0,539;0,545;0,447;0,694;0,520;0,446
3148707;Pedra Azul;0,571;0,620;0,414;0,745;0,448;0,568
3148756;Pedra Bonita;0,554;0,581;0,228;0,705;0,645;0,564
3148806;Pedra do Anta;0,676;0,644;0,408;0,814;0,782;0,700
3148905;Pedra do Indaiá;0,636;0,620;0,550;0,766;0,653;0,562
3149002;Pedra Dourada;0,696;0,742;0,423;0,688;0,792;0,827
3149101;Pedralva;0,644;0,580;0,358;0,808;0,686;0,760
3149150;Pedras de Maria da Cruz;0,481;0,559;0,405;0,582;0,624;0,183
3149200;Pedrinópolis;0,624;0,556;0,561;0,527;0,750;0,774
3149309;Pedro Leopoldo;0,637;0,631;0,619;0,591;0,511;0,846
3149408;Pedro Teixeira;0,675;0,628;0,372;0,832;0,812;0,700
3149507;Pequeri;0,634;0,608;0,563;0,558;0,813;0,657
3149606;Pequi;0,564;0,570;0,369;0,711;0,665;0,464
3149705;Perdigão;0,653;0,732;0,604;0,808;0,497;0,561
3149804;Perdizes;0,676;0,674;0,687;0,671;0,550;0,802
3149903;Perdões;0,643;0,673;0,635;0,764;0,612;0,489
3149952;Periquito;0,488;0,588;0,391;0,428;0,337;0,686
3150000;Pescador;0,597;0,624;0,347;0,766;0,791;0,401
3150109;Piau;0,696;0,579;0,404;0,876;0,838;0,766
3150158;Piedade de Caratinga;0,550;0,644;0,293;0,759;0,625;0,345
3150208;Piedade de Ponte Nova;0,553;0,588;0,417;0,765;0,705;0,219
3150307;Piedade do Rio Grande;0,637;0,586;0,458;0,616;0,779;0,768
3150406;Piedade dos Gerais;0,567;0,575;0,403;0,661;0,756;0,414
3150505;Pimenta;0,605;0,569;0,610;0,601;0,611;0,646
3150539;Pingo D' Água;0,601;0,698;0,538;0,426;0,694;0,671
3150570;Pintópolis;0,564;0,619;0,297;0,634;0,683;0,554
3150604;Piracema;0,612;0,591;0,568;0,659;0,671;0,565
3150703;Pirajuba;0,659;0,607;0,769;0,589;0,608;0,755
3150802;Piranga;0,586;0,613;0,433;0,699;0,617;0,528
3150901;Piranguçu;0,701;0,620;0,508;0,834;0,720;0,809
3151008;Piranguinho;0,661;0,656;0,483;0,798;0,623;0,706
3151107;Pirapetinga;0,607;0,517;0,564;0,643;0,612;0,715
3151206;Pirapora;0,660;0,671;0,576;0,760;0,578;0,684
3151305;Piraúba;0,667;0,675;0,588;0,789;0,539;0,710
3151404;Pitangui;0,590;0,646;0,655;0,709;0,474;0,419
3151503;Piumhi;0,664;0,611;0,697;0,776;0,671;0,550
3151602;Planura;0,564;0,469;0,547;0,484;0,572;0,796
3151701;Poço Fundo;0,679;0,628;0,544;0,786;0,624;0,798
3151800;Poços de Caldas;0,728;0,655;0,729;0,806;0,769;0,680
3151909;Pocrane;0,652;0,663;0,369;0,756;0,650;0,790
3152006;Pompéu;0,600;0,650;0,607;0,742;0,371;0,575
3152105;Ponte Nova;0,631;0,593;0,627;0,744;0,629;0,541
3152131;Ponto Chique;0,585;0,615;0,369;0,735;0,784;0,373
3152170;Ponto dos Volantes;0,530;0,642;0,359;0,740;0,615;0,202
3152204;Porteirinha;0,607;0,709;0,504;0,742;0,589;0,426
3152303;Porto Firme;0,555;0,616;0,206;0,817;0,525;0,523
3152402;Poté;0,588;0,584;0,550;0,771;0,578;0,406
3152501;Pouso Alegre;0,771;0,660;0,739;0,800;0,726;0,955
3152600;Pouso Alto;0,584;0,605;0,536;0,828;0,689;0,189
3152709;Prados;0,699;0,646;0,543;0,717;0,693;0,906
3152808;Prata;0,634;0,613;0,593;0,756;0,428;0,751
3152907;Pratápolis;0,618;0,562;0,689;0,612;0,659;0,587
3153004;Pratinha;0,648;0,634;0,489;0,641;0,801;0,681
3153103;Presidente Bernardes;0,642;0,584;0,424;0,676;0,685;0,845
3153202;Presidente Juscelino;0,629;0,642;0,489;0,778;0,739;0,450
3153301;Presidente Kubitschek;0,675;0,651;0,471;0,722;0,764;0,759
3153400;Presidente Olegário;0,595;0,608;0,456;0,761;0,572;0,528
3153608;Prudente de Morais;0,661;0,672;0,607;0,748;0,639;0,610
3153707;Quartel Geral;0,521;0,567;0,418;0,615;0,758;0,208
3153806;Queluzito;0,652;0,577;0,530;0,756;0,858;0,532
3153905;Raposos;0,657;0,525;0,659;0,764;0,627;0,718
3154002;Raul Soares;0,616;0,638;0,485;0,732;0,629;0,557
3154101;Recreio;0,606;0,540;0,482;0,606;0,597;0,821
3154150;Reduto;0,587;0,665;0,433;0,700;0,616;0,466
3154200;Resende Costa;0,640;0,630;0,594;0,691;0,679;0,592
3154309;Resplendor;0,622;0,589;0,560;0,726;0,570;0,643
3154408;Ressaquinha;0,659;0,661;0,411;0,733;0,750;0,721
3154457;Riachinho;0,543;0,637;0,310;0,764;0,612;0,303
3154507;Riacho dos Machados;0,530;0,641;0,339;0,670;0,587;0,342
3154606;Ribeirão das Neves;0,627;0,629;0,634;0,730;0,395;0,719
3154705;Ribeirão Vermelho;0,670;0,582;0,548;0,746;0,776;0,700
3154804;Rio Acima;0,641;0,510;0,609;0,862;0,545;0,656
3154903;Rio Casca;0,636;0,565;0,587;0,756;0,643;0,617
3155009;Rio Doce;0,755;0,683;0,424;0,830;0,861;0,976
3155108;Rio do Prado;0,594;0,597;0,350;0,752;0,755;0,469
3155207;Rio Espera;0,623;0,600;0,290;0,705;0,748;0,758
3155306;Rio Manso;0,571;0,531;0,488;0,656;0,587;0,579
3155405;Rio Novo;0,660;0,568;0,595;0,827;0,656;0,633
3155504;Rio Paranaíba;0,637;0,681;0,627;0,731;0,557;0,550
3155603;Rio Pardo de Minas;0,570;0,642;0,437;0,782;0,672;0,238
3155702;Rio Piracicaba;0,648;0,645;0,542;0,689;0,638;0,714
3155801;Rio Pomba;0,686;0,644;0,590;0,737;0,630;0,829
3155900;Rio Preto;0,615;0,463;0,539;0,759;0,818;0,499
3156007;Rio Vermelho;0,555;0,529;0,452;0,617;0,624;0,542
3156106;Ritápolis;0,600;0,584;0,419;0,693;0,771;0,512
3156205;Rochedo de Minas;0,646;0,614;0,481;0,651;0,799;0,693
3156304;Rodeiro;0,703;0,650;0,658;0,794;0,558;0,842
3156403;Romaria;0,550;0,584;0,695;0,719;0,698;
3156452;Rosário da Limeira;0,725;0,690;0,476;0,807;0,745;0,895
3156502;Rubelita;0,597;0,629;0,326;0,683;0,632;0,683
3156601;Rubim;0,585;0,571;0,543;0,731;0,654;0,388
3156700;Sabará;0,621;0,614;0,645;0,744;0,536;0,531
3156809;Sabinópolis;0,580;0,614;0,518;0,730;0,594;0,391
3156908;Sacramento;0,753;0,631;0,668;0,855;0,617;1,000
3157005;Salinas;0,660;0,682;0,585;0,728;0,649;0,632
3157104;Salto da Divisa;0,505;0,644;0,415;0,608;0,586;0,206
3157203;Santa Bárbara;0,611;0,686;0,592;0,729;0,576;0,418
3157252;Santa Bárbara do Leste;0,555;0,676;0,422;0,819;0,504;0,249
3157278;Santa Bárbara do Monte Verde;0,643;0,571;0,442;0,752;0,761;0,676
3157302;Santa Bárbara do Tugúrio;0,646;0,575;0,401;0,780;0,765;0,692
3157336;Santa Cruz de Minas;0,630;0,444;0,582;0,699;0,738;0,719
3157377;Santa Cruz de Salinas;0,588;0,632;0,328;0,779;0,538;0,599
3157401;Santa Cruz do Escalvado;0,633;0,529;0,442;0,809;0,738;0,627
3157500;Santa Efigênia de Minas;0,556;0,645;0,281;0,689;0,724;0,382
3157609;Santa Fé de Minas;0,529;0,586;0,310;0,742;0,612;0,320
3157658;Santa Helena de Minas;0,501;0,571;0,352;0,582;0,660;0,296
3157708;Santa Juliana;0,663;0,667;0,598;0,714;0,548;0,773
3157807;Santa Luzia;0,654;0,657;0,581;0,731;0,575;0,702
3157906;Santa Margarida;0,600;0,645;0,327;0,785;0,612;0,565
3158003;Santa Maria de Itabira;0,614;0,630;0,523;0,764;0,624;0,483
3158102;Santa Maria do Salto;0,574;0,591;0,341;0,756;0,726;0,402
3158201;Santa Maria do Suaçuí;0,493;0,605;0,477;0,516;0,563;0,267
3158300;Santana da Vargem;0,721;0,655;0,625;0,829;0,683;0,800
3158409;Santana de Cataguases;0,681;0,656;0,502;0,731;0,775;0,735
3158508;Santana de Pirapama;0,621;0,540;0,423;0,773;0,656;0,692
3158607;Santana do Deserto;0,588;0,508;0,525;0,710;0,685;0,499
3158706;Santana do Garambéu;0,684;0,597;0,398;0,846;0,860;0,700
3158805;Santana do Jacaré;0,642;0,606;0,559;0,643;0,758;0,655
3158904;Santana do Manhuaçu;0,570;0,573;0,489;0,794;0,573;0,356
3158953;Santana do paraíso;0,677;0,600;0,580;0,802;0,585;0,804
3159001;Santana do Riacho;0,564;0,601;0,366;0,617;0,680;0,531
3159100;Santana dos Montes;0,644;0,558;0,457;0,670;0,802;0,749
3159209;Santa Rita de Caldas;0,658;0,597;0,593;0,810;0,649;0,614
3159308;Santa Rita de Jacutinga;0,610;0,566;0,437;0,692;0,767;0,575
3159357;Santa Rita de Minas;0,610;0,626;0,559;0,722;0,534;0,571
3159407;Santa Rita do Ibitipoca;0,607;0,588;0,428;0,795;0,803;0,372
3159506;Santa Rita do Itueto;0,601;0,661;0,396;0,767;0,653;0,463
3159605;Santa Rita do Sapucaí;0,738;0,669;0,684;0,857;0,644;0,822
3159704;Santa Rosa da Serra;0,654;0,668;0,428;0,716;0,737;0,700
3159803;Santa Vitória;0,687;0,669;0,585;0,744;0,583;0,845
3159902;Santo Antônio do Amparo;0,642;0,637;0,505;0,795;0,624;0,608
3160009;Santo Antônio do Aventureiro;0,618;0,609;0,480;0,698;0,815;0,470
3160108;Santo Antônio do Grama;0,657;0,598;0,451;0,782;0,745;0,689
3160207;Santo Antônio do Itambé;0,609;0,662;0,317;0,723;0,681;0,618
3160306;Santo Antônio do Jacinto;0,565;0,600;0,315;0,771;0,625;0,447
3160405;Santo Antônio do Monte;0,667;0,684;0,622;0,825;0,600;0,557
3160454;Santo Antônio do Retiro;0,621;0,673;0,367;0,726;0,644;0,649
3160504;Santo Antônio do Rio Abaixo;0,576;0,564;0,306;0,735;0,787;0,446
3160603;Santo Hipólito;0,557;0,609;0,327;0,662;0,831;0,315
3160702;Santos Dumont;0,619;0,650;0,520;0,638;0,688;0,584
3160801;São Bento Abade;0,645;0,659;0,542;0,824;0,719;0,428
3160900;São Brás do Suaçuí;0,633;0,733;0,500;0,690;0,633;0,563
3160959;São Domingos das Dores;0,646;0,741;0,485;0,756;0,709;0,480
3161007;São Domingos do Prata;0,608;0,545;0,480;0,730;0,613;0,655
3161056;São Félix de Minas;0,586;0,581;0,364;0,573;0,796;0,620
3161106;São Francisco;0,555;0,611;0,401;0,678;0,660;0,373
3161205;São Francisco de Paula;0,637;0,610;0,637;0,739;0,641;0,535
3161304;São Francisco de Sales;0,552;0,538;0,471;0,635;0,707;0,392
3161403;São Francisco do Glória;0,653;0,619;0,511;0,719;0,636;0,772
3161502;São Geraldo;0,597;0,601;0,502;0,738;0,580;0,521
3161601;São Geraldo da Piedade;0,611;0,639;0,287;0,766;0,697;0,617
3161650;São Geraldo do Baixio;0,620;0,533;0,461;0,795;0,824;0,464
3161700;São Gonçalo do Abaeté;0,562;0,589;0,433;0,703;0,744;0,293
3161809;São Gonçalo do Pará;0,612;0,638;0,721;0,759;0,442;0,453
3161908;São Gonçalo do Rio Abaixo;0,658;0,684;0,576;0,727;0,578;0,698
3125507;São Gonçalo do Rio Preto;0,636;0,662;0,446;0,831;0,774;0,405
3162005;São Gonçalo do Sapucaí;0,613;0,626;0,609;0,708;0,708;0,385
3162104;São Gotardo;0,601;0,666;0,567;0,759;0,529;0,421
3162203;São João Batista do Glória;0,692;0,623;0,607;0,858;0,654;0,692
3162252;São João da Lagoa;0,601;0,704;0,419;0,663;0,718;0,457
3162302;São João da Mata;0,608;0,663;0,509;0,615;0,813;0,423
3162401;São João da Ponte;0,531;0,555;0,382;0,700;0,673;0,290
3162450;São João das Missões;0,435;0,388;0,244;0,664;0,664;0,164
3162500;São João Del Rei;0,672;0,652;0,684;0,687;0,690;0,648
3162559;São João do Manhuaçu;0,528;0,682;0,352;0,646;0,457;0,425
3162575;São João do Manteninha;0,598;0,660;0,448;0,680;0,751;0,412
3162609;São João do Oriente;0,643;0,703;0,429;0,710;0,683;0,657
3162658;São João do Pacuí;0,587;0,618;0,370;0,625;0,774;0,531
3162708;São João do Paraíso;0,647;0,647;0,574;0,770;0,669;0,539
3162807;São João Evangelista;0,602;0,632;0,470;0,642;0,643;0,602
3162906;São João Nepomuceno;0,585;0,579;0,628;0,622;0,482;0,603
3162922;São Joaquim de Bicas;0,533;0,642;0,470;0,734;0,241;0,490
3162948;São José da Barra;0,665;0,679;0,584;0,842;0,679;0,488
3162955;São José da Lapa;0,601;0,660;0,561;0,473;0,443;0,887
3163003;São José da Safira;0,553;0,631;0,325;0,716;0,606;0,419
3163102;São José da Varginha;0,590;0,567;0,473;0,708;0,690;0,487
3163201;São José do Alegre;0,698;0,722;0,468;0,750;0,782;0,748
3163300;São José do Divino;0,623;0,642;0,430;0,665;0,799;0,564
3163409;São José do Goiabal;0,675;0,594;0,474;0,764;0,584;0,958
3163508;São José do Jacuri;0,553;0,543;0,345;0,751;0,649;0,425
3163607;São José do Mantimento;0,603;0,648;0,360;0,680;0,761;0,533
3163706;São Lourenço;0,711;0,656;0,660;0,764;0,730;0,746
3163805;São Miguel do Anta;0,617;0,567;0,392;0,842;0,616;0,622
3163904;São Pedro da União;0,606;0,642;0,431;0,640;0,722;0,574
3164001;São Pedro dos Ferros;0,568;0,529;0,527;0,723;0,594;0,433
3164100;São Pedro do Suaçuí;0,537;0,599;0,382;0,621;0,593;0,450
3164209;São Romão;0,540;0,520;0,495;0,698;0,645;0,301
3164308;São Roque de Minas;0,623;0,583;0,563;0,760;0,734;0,447
3164407;São Sebastião da Bela Vista;0,699;0,642;0,614;0,856;0,617;0,736
3164431;São Sebastião da Vargem Alegre;0,694;0,670;0,445;0,819;0,818;0,691
3164472;São Sebastião do Anta;0,602;0,691;0,387;0,703;0,654;0,522
3164506;São Sebastião do Maranhão;0,495;0,589;0,478;0,477;0,564;0,345
3164605;São Sebastião do Oeste;0,615;0,693;0,556;0,815;0,492;0,439
3164704;São Sebastião do Paraíso;0,716;0,686;0,680;0,794;0,625;0,784
3164803;São Sebastião do Rio Preto;0,582;0,622;0,404;0,588;0,942;0,339
3164902;São Sebastião do Rio Verde;0,688;0,662;0,441;0,827;0,873;0,605
3165008;São Tiago;0,666;0,715;0,543;0,692;0,673;0,686
3165107;São Tomás de Aquino;0,657;0,649;0,528;0,872;0,632;0,548
3165206;São Tomé das Letras;0,672;0,662;0,562;0,743;0,694;0,681
3165305;São Vicente de Minas;0,670;0,623;0,599;0,680;0,670;0,787
3165404;Sapucaí Mirim;0,654;0,586;0,561;0,874;0,666;0,540
3165503;Sardoá;0,552;0,637;0,252;0,765;0,551;0,470
3165537;Sarzedo;0,663;0,664;0,656;0,674;0,553;0,763
3165560;Sem-Peixe;0,644;0,571;0,378;0,745;0,853;0,664
3165578;Senador Amaral;0,654;0,677;0,353;0,805;0,707;0,681
3165602;Senador Cortês;0,623;0,633;0,498;0,586;0,714;0,694
3165701;Senador Firmino;0,632;0,635;0,399;0,706;0,661;0,736
3165800;Senador José Bento;0,641;0,654;0,389;0,774;0,900;0,450
3165909;Senador Modestino Gonçalves;0,609;0,585;0,392;0,781;0,739;0,507
3166006;Senhora de Oliveira;0,638;0,552;0,449;0,655;0,731;0,821
3166105;Senhora do Porto;0,526;0,573;0,390;0,679;0,681;0,250
3166204;Senhora dos Remédios;0,646;0,582;0,354;0,742;0,681;0,862
3166303;Sericita;0,555;0,575;0,423;0,665;0,621;0,457
3166402;Seritinga;0,714;0,635;0,547;0,800;0,887;0,700
3166501;Serra Azul de Minas;0,464;0,520;0,294;0,449;0,639;0,408
3166600;Serra da Saudade;0,630;0,494;0,503;0,728;1,000;0,435
3166709;Serra dos Aimorés;0,498;0,544;0,377;0,731;0,493;0,270
3166808;Serra do Salitre;0,653;0,676;0,626;0,786;0,498;0,635
3166907;Serrania;0,676;0,662;0,460;0,828;0,611;0,781
3166956;Serranópolis de Minas;0,598;0,645;0,400;0,742;0,764;0,388
3167004;Serranos;0,624;0,565;0,336;0,762;0,903;0,532
3167103;Serro;0,586;0,611;0,476;0,720;0,655;0,422
3167202;Sete Lagoas;0,702;0,648;0,692;0,775;0,506;0,886
3165552;Setubinha;0,544;0,589;0,324;0,782;0,590;0,355
3167301;Silveirânia;0,733;0,654;0,492;0,760;0,872;0,900
3167400;Silvianópolis;0,658;0,554;0,478;0,812;0,736;0,698
3167509;Simão Pereira;0,669;0,618;0,491;0,785;0,677;0,757
3167608;Simonésia;0,592;0,626;0,370;0,754;0,603;0,554
3167707;Sobrália;0,587;0,563;0,404;0,759;0,682;0,486
3167806;Soledade de Minas;0,655;0,639;0,517;0,752;0,726;0,617
3167905;Tabuleiro;0,648;0,541;0,488;0,739;0,774;0,704
3168002;Taiobeiras;0,597;0,691;0,383;0,791;0,698;0,343
3168051;Taparuba;0,605;0,665;0,356;0,717;0,590;0,650
3168101;Tapira;0,677;0,650;0,620;0,712;0,724;0,674
3168200;Tapiraí;0,643;0,584;0,604;0,738;0,751;0,526
3168309;Taquaraçu de Minas;0,560;0,649;0,339;0,745;0,424;0,565
3168408;Tarumirim;0,582;0,629;0,449;0,596;0,611;0,610
3168507;Teixeiras;0,606;0,601;0,505;0,827;0,527;0,511
3168606;Teófilo Otoni;0,650;0,613;0,595;0,723;0,768;0,541
3168705;Timóteo;0,650;0,659;0,692;0,707;0,558;0,617
3168804;Tiradentes;0,599;0,519;0,617;0,678;0,747;0,433
3168903;Tiros;0,651;0,599;0,513;0,801;0,624;0,691
3169000;Tocantins;0,621;0,628;0,613;0,741;0,390;0,699
3169059;Tocos do Moji;0,702;0,667;0,471;0,816;0,769;0,767
3169109;Toledo;0,614;0,661;0,507;0,846;0,610;0,370
3169208;Tombos;0,654;0,595;0,544;0,727;0,715;0,683
3169307;Três Corações;0,682;0,661;0,637;0,788;0,607;0,691
3169356;Três Marias;0,621;0,612;0,630;0,738;0,517;0,579
3169406;Três Pontas;0,740;0,692;0,656;0,830;0,666;0,843
3169505;Tumiritinga;0,580;0,560;0,301;0,794;0,544;0,645
3169604;Tupaciguara;0,648;0,666;0,611;0,805;0,573;0,538
3169703;Turmalina;0,630;0,639;0,503;0,771;0,628;0,570
3169802;Turvolândia;0,681;0,668;0,517;0,814;0,680;0,691
3169901;Ubá;0,666;0,654;0,716;0,755;0,509;0,675
3170008;Ubaí;0,484;0,592;0,407;0,624;0,615;0,111
3170057;Ubaporanga;0,626;0,696;0,453;0,757;0,600;0,567
3170107;Uberaba;0,737;0,628;0,743;0,772;0,566;0,998
3170206;Uberlândia;0,752;0,696;0,724;0,883;0,573;0,865
3170305;Umburatiba;0,517;0,545;0,409;0,511;0,688;0,425
3170404;Unaí;0,669;0,692;0,604;0,752;0,774;0,496
3170438;União de Minas;0,625;0,578;0,504;0,672;0,736;0,633
3170479;Uruana de Minas;0,616;0,625;0,268;0,790;0,829;0,516
3170503;Urucânia;0,609;0,616;0,613;0,765;0,590;0,416
3170529;Urucuia;0,544;0,519;0,472;0,799;0,657;0,211
3170578;Vargem Alegre;0,578;0,587;0,378;0,726;0,638;0,516
3170602;Vargem Bonita;0,652;0,691;0,586;0,719;0,706;0,530
3170651;Vargem Grande do Rio Pardo;0,622;0,653;0,377;0,822;0,758;0,435
3170701;Varginha;0,732;0,646;0,747;0,838;0,648;0,776
3170750;Varjão de Minas;0,690;0,662;0,615;0,873;0,638;0,620
3170800;Várzea da Palma;0,553;0,611;0,414;0,818;0,607;0,226
3170909;Varzelândia;0,531;0,640;0,325;0,664;0,636;0,323
3171006;Vazante;0,713;0,640;0,695;0,756;0,613;0,870
3171030;Verdelândia;0,528;0,637;0,403;0,714;0,473;0,332
3171071;Veredinha;0,579;0,612;0,473;0,720;0,688;0,351
3171105;Veríssimo;0,646;0,503;0,527;0,785;0,681;0,733
3171154;Vermelho Novo;0,661;0,692;0,349;0,702;0,767;0,776
3171204;Vespasiano;0,571;0,652;0,645;0,417;0,516;0,644
3171303;Viçosa;0,652;0,617;0,634;0,768;0,484;0,734
3171402;Vieiras;0,663;0,597;0,442;0,766;0,809;0,689
3171600;Virgem da Lapa;0,587;0,592;0,417;0,723;0,613;0,551
3171709;Virgínia;0,639;0,622;0,555;0,678;0,661;0,672
3171808;Virginópolis;0,570;0,611;0,479;0,642;0,593;0,493
3171907;Virgolândia;0,639;0,667;0,472;0,804;0,686;0,510
3172004;Visconde do Rio Branco;0,608;0,628;0,583;0,709;0,481;0,608
3172103;Volta Grande;0,613;0,513;0,536;0,604;0,735;0,707
3172202;Wenceslau Braz;0,650;0,658;0,386;0,740;0,792;0,644
